{"trial_id": "0", "hyperparameters": {"space": [{"class_name": "Int", "config": {"name": "units", "default": null, "conditions": [], "min_value": 8, "max_value": 128, "step": 8, "sampling": "linear"}}], "values": {"units": 88}}, "metrics": {"metrics": {"accuracy": {"direction": "max", "observations": [{"value": [0.7622149586677551], "step": 2}]}, "loss": {"direction": "min", "observations": [{"value": [0.5140522718429565], "step": 2}]}, "val_accuracy": {"direction": "max", "observations": [{"value": [0.7922077775001526], "step": 2}]}, "val_loss": {"direction": "min", "observations": [{"value": [0.5221276879310608], "step": 2}]}}}, "score": 0.7922077775001526, "best_step": 2, "status": "COMPLETED", "message": null}