{"ongoing_trials": {}, "hyperparameters": {"space": [{"class_name": "Int", "config": {"name": "units", "default": null, "conditions": [], "min_value": 8, "max_value": 128, "step": 8, "sampling": "linear"}}], "values": {"units": 8}}, "start_order": ["0", "1", "2", "3", "4"], "end_order": ["0", "1", "2", "3", "4"], "run_times": {"0": 1, "1": 1, "2": 1, "3": 1, "4": 1}, "retry_queue": [], "seed": 9395, "seed_state": 9401, "tried_so_far": ["a6d96ddd66df22b88121d9fcf99aa9dc", "709168175c198aa0cdda0e6fe7f7354e", "2508b8004eae71931ff8aa069826959f", "d24b6a4533b58780c944782269c062b3", "44f21971168ace23ac2098c6988fda9a"], "id_to_hash": {"0": "44f21971168ace23ac2098c6988fda9a", "1": "d24b6a4533b58780c944782269c062b3", "2": "2508b8004eae71931ff8aa069826959f", "3": "709168175c198aa0cdda0e6fe7f7354e", "4": "a6d96ddd66df22b88121d9fcf99aa9dc"}, "display": {"search_start": "2024-12-05T20:04:38.059178", "trial_start": {"0": "2024-12-05T20:04:38.059178", "1": "2024-12-05T20:04:41.640765", "2": "2024-12-05T20:04:44.062186", "3": "2024-12-05T20:04:46.428078", "4": "2024-12-05T20:04:48.872388"}, "trial_number": {"0": 1, "1": 2, "2": 3, "3": 4, "4": 5}}}