{"trial_id": "2", "hyperparameters": {"space": [{"class_name": "Int", "config": {"name": "num_layers", "default": null, "conditions": [], "min_value": 1, "max_value": 10, "step": 1, "sampling": "linear"}}], "values": {"num_layers": 4}}, "metrics": {"metrics": {"accuracy": {"direction": "max", "observations": [{"value": [0.7801302671432495], "step": 2}]}, "loss": {"direction": "min", "observations": [{"value": [0.45682352781295776], "step": 2}]}, "val_accuracy": {"direction": "max", "observations": [{"value": [0.7857142686843872], "step": 2}]}, "val_loss": {"direction": "min", "observations": [{"value": [0.5281084775924683], "step": 2}]}}}, "score": 0.7857142686843872, "best_step": 2, "status": "COMPLETED", "message": null}