{"ongoing_trials": {}, "hyperparameters": {"space": [{"class_name": "Int", "config": {"name": "num_layers", "default": null, "conditions": [], "min_value": 1, "max_value": 10, "step": 1, "sampling": "linear"}}, {"class_name": "Int", "config": {"name": "units0", "default": null, "conditions": [], "min_value": 8, "max_value": 128, "step": 8, "sampling": "linear"}}, {"class_name": "Choice", "config": {"name": "choice0", "default": "relu", "conditions": [], "values": ["relu", "tanh", "sigmoid"], "ordered": false}}, {"class_name": "Choice", "config": {"name": "optimizer", "default": "rmsprop", "conditions": [], "values": ["rmsprop", "sgd", "adam", "nadam", "adadelta"], "ordered": false}}, {"class_name": "Int", "config": {"name": "units1", "default": null, "conditions": [], "min_value": 8, "max_value": 128, "step": 8, "sampling": "linear"}}, {"class_name": "Choice", "config": {"name": "choice1", "default": "relu", "conditions": [], "values": ["relu", "tanh", "sigmoid"], "ordered": false}}, {"class_name": "Int", "config": {"name": "units2", "default": null, "conditions": [], "min_value": 8, "max_value": 128, "step": 8, "sampling": "linear"}}, {"class_name": "Choice", "config": {"name": "choice2", "default": "relu", "conditions": [], "values": ["relu", "tanh", "sigmoid"], "ordered": false}}, {"class_name": "Int", "config": {"name": "units3", "default": null, "conditions": [], "min_value": 8, "max_value": 128, "step": 8, "sampling": "linear"}}, {"class_name": "Choice", "config": {"name": "choice3", "default": "relu", "conditions": [], "values": ["relu", "tanh", "sigmoid"], "ordered": false}}, {"class_name": "Int", "config": {"name": "units4", "default": null, "conditions": [], "min_value": 8, "max_value": 128, "step": 8, "sampling": "linear"}}, {"class_name": "Choice", "config": {"name": "choice4", "default": "relu", "conditions": [], "values": ["relu", "tanh", "sigmoid"], "ordered": false}}, {"class_name": "Int", "config": {"name": "units5", "default": null, "conditions": [], "min_value": 8, "max_value": 128, "step": 8, "sampling": "linear"}}, {"class_name": "Choice", "config": {"name": "choice5", "default": "relu", "conditions": [], "values": ["relu", "tanh", "sigmoid"], "ordered": false}}, {"class_name": "Int", "config": {"name": "units6", "default": null, "conditions": [], "min_value": 8, "max_value": 128, "step": 8, "sampling": "linear"}}, {"class_name": "Choice", "config": {"name": "choice6", "default": "relu", "conditions": [], "values": ["relu", "tanh", "sigmoid"], "ordered": false}}, {"class_name": "Int", "config": {"name": "units7", "default": null, "conditions": [], "min_value": 8, "max_value": 128, "step": 8, "sampling": "linear"}}, {"class_name": "Choice", "config": {"name": "choice7", "default": "relu", "conditions": [], "values": ["relu", "tanh", "sigmoid"], "ordered": false}}, {"class_name": "Int", "config": {"name": "units8", "default": null, "conditions": [], "min_value": 8, "max_value": 128, "step": 8, "sampling": "linear"}}, {"class_name": "Choice", "config": {"name": "choice8", "default": "relu", "conditions": [], "values": ["relu", "tanh", "sigmoid"], "ordered": false}}, {"class_name": "Int", "config": {"name": "units9", "default": null, "conditions": [], "min_value": 8, "max_value": 128, "step": 8, "sampling": "linear"}}, {"class_name": "Choice", "config": {"name": "choice9", "default": "relu", "conditions": [], "values": ["relu", "tanh", "sigmoid"], "ordered": false}}], "values": {"num_layers": 1, "units0": 8, "choice0": "relu", "optimizer": "rmsprop", "units1": 8, "choice1": "relu", "units2": 8, "choice2": "relu", "units3": 8, "choice3": "relu", "units4": 8, "choice4": "relu", "units5": 8, "choice5": "relu", "units6": 8, "choice6": "relu", "units7": 8, "choice7": "relu", "units8": 8, "choice8": "relu", "units9": 8, "choice9": "relu"}}, "start_order": ["0", "1", "2", "3", "4"], "end_order": ["0", "1", "2", "3", "4"], "run_times": {"0": 1, "1": 1, "2": 1, "3": 1, "4": 1}, "retry_queue": [], "seed": 7135, "seed_state": 7219, "tried_so_far": ["df7c61e9bdf93eca2331379f20295e6d", "d89368fa4e302a2a9a709d860784c1a3", "ff20f37d4cf66befefdeb0e5d078a0ed", "2baeb40588bc33451529cadf35df2461", "328ffadeb23bfe6e846340ed257e62a9"], "id_to_hash": {"0": "ff20f37d4cf66befefdeb0e5d078a0ed", "1": "df7c61e9bdf93eca2331379f20295e6d", "2": "328ffadeb23bfe6e846340ed257e62a9", "3": "2baeb40588bc33451529cadf35df2461", "4": "d89368fa4e302a2a9a709d860784c1a3"}, "display": {"search_start": "2024-12-05T21:04:26.639492", "trial_start": {"0": "2024-12-05T21:04:26.639492", "1": "2024-12-05T21:04:32.710572", "2": "2024-12-05T21:04:34.881743", "3": "2024-12-05T21:04:39.606655", "4": "2024-12-05T21:04:45.440847"}, "trial_number": {"0": 1, "1": 2, "2": 3, "3": 4, "4": 5}}}