{"trial_id": "0", "hyperparameters": {"space": [{"class_name": "Int", "config": {"name": "num_layers", "default": null, "conditions": [], "min_value": 1, "max_value": 10, "step": 1, "sampling": "linear"}}, {"class_name": "Int", "config": {"name": "units0", "default": null, "conditions": [], "min_value": 8, "max_value": 128, "step": 8, "sampling": "linear"}}, {"class_name": "Choice", "config": {"name": "choice0", "default": "relu", "conditions": [], "values": ["relu", "tanh", "sigmoid"], "ordered": false}}, {"class_name": "Choice", "config": {"name": "dropout0", "default": 0.1, "conditions": [], "values": [0.1, 0.2, 0.3, 0.4, 0.5, 0.6, 0.7, 0.8, 0.9], "ordered": true}}, {"class_name": "Choice", "config": {"name": "optimizer", "default": "rmsprop", "conditions": [], "values": ["rmsprop", "sgd", "adam", "nadam", "adadelta"], "ordered": false}}, {"class_name": "Int", "config": {"name": "units1", "default": null, "conditions": [], "min_value": 8, "max_value": 128, "step": 8, "sampling": "linear"}}, {"class_name": "Choice", "config": {"name": "choice1", "default": "relu", "conditions": [], "values": ["relu", "tanh", "sigmoid"], "ordered": false}}, {"class_name": "Choice", "config": {"name": "dropout1", "default": 0.1, "conditions": [], "values": [0.1, 0.2, 0.3, 0.4, 0.5, 0.6, 0.7, 0.8, 0.9], "ordered": true}}, {"class_name": "Int", "config": {"name": "units2", "default": null, "conditions": [], "min_value": 8, "max_value": 128, "step": 8, "sampling": "linear"}}, {"class_name": "Choice", "config": {"name": "choice2", "default": "relu", "conditions": [], "values": ["relu", "tanh", "sigmoid"], "ordered": false}}, {"class_name": "Choice", "config": {"name": "dropout2", "default": 0.1, "conditions": [], "values": [0.1, 0.2, 0.3, 0.4, 0.5, 0.6, 0.7, 0.8, 0.9], "ordered": true}}, {"class_name": "Int", "config": {"name": "units3", "default": null, "conditions": [], "min_value": 8, "max_value": 128, "step": 8, "sampling": "linear"}}, {"class_name": "Choice", "config": {"name": "choice3", "default": "relu", "conditions": [], "values": ["relu", "tanh", "sigmoid"], "ordered": false}}, {"class_name": "Choice", "config": {"name": "dropout3", "default": 0.1, "conditions": [], "values": [0.1, 0.2, 0.3, 0.4, 0.5, 0.6, 0.7, 0.8, 0.9], "ordered": true}}, {"class_name": "Int", "config": {"name": "units4", "default": null, "conditions": [], "min_value": 8, "max_value": 128, "step": 8, "sampling": "linear"}}, {"class_name": "Choice", "config": {"name": "choice4", "default": "relu", "conditions": [], "values": ["relu", "tanh", "sigmoid"], "ordered": false}}, {"class_name": "Choice", "config": {"name": "dropout4", "default": 0.1, "conditions": [], "values": [0.1, 0.2, 0.3, 0.4, 0.5, 0.6, 0.7, 0.8, 0.9], "ordered": true}}, {"class_name": "Int", "config": {"name": "units5", "default": null, "conditions": [], "min_value": 8, "max_value": 128, "step": 8, "sampling": "linear"}}, {"class_name": "Choice", "config": {"name": "choice5", "default": "relu", "conditions": [], "values": ["relu", "tanh", "sigmoid"], "ordered": false}}, {"class_name": "Choice", "config": {"name": "dropout5", "default": 0.1, "conditions": [], "values": [0.1, 0.2, 0.3, 0.4, 0.5, 0.6, 0.7, 0.8, 0.9], "ordered": true}}, {"class_name": "Int", "config": {"name": "units6", "default": null, "conditions": [], "min_value": 8, "max_value": 128, "step": 8, "sampling": "linear"}}, {"class_name": "Choice", "config": {"name": "choice6", "default": "relu", "conditions": [], "values": ["relu", "tanh", "sigmoid"], "ordered": false}}, {"class_name": "Choice", "config": {"name": "dropout6", "default": 0.1, "conditions": [], "values": [0.1, 0.2, 0.3, 0.4, 0.5, 0.6, 0.7, 0.8, 0.9], "ordered": true}}, {"class_name": "Int", "config": {"name": "units7", "default": null, "conditions": [], "min_value": 8, "max_value": 128, "step": 8, "sampling": "linear"}}, {"class_name": "Choice", "config": {"name": "choice7", "default": "relu", "conditions": [], "values": ["relu", "tanh", "sigmoid"], "ordered": false}}, {"class_name": "Choice", "config": {"name": "dropout7", "default": 0.1, "conditions": [], "values": [0.1, 0.2, 0.3, 0.4, 0.5, 0.6, 0.7, 0.8, 0.9], "ordered": true}}, {"class_name": "Int", "config": {"name": "units8", "default": null, "conditions": [], "min_value": 8, "max_value": 128, "step": 8, "sampling": "linear"}}, {"class_name": "Choice", "config": {"name": "choice8", "default": "relu", "conditions": [], "values": ["relu", "tanh", "sigmoid"], "ordered": false}}, {"class_name": "Choice", "config": {"name": "dropout8", "default": 0.1, "conditions": [], "values": [0.1, 0.2, 0.3, 0.4, 0.5, 0.6, 0.7, 0.8, 0.9], "ordered": true}}, {"class_name": "Int", "config": {"name": "units9", "default": null, "conditions": [], "min_value": 8, "max_value": 128, "step": 8, "sampling": "linear"}}, {"class_name": "Choice", "config": {"name": "choice9", "default": "relu", "conditions": [], "values": ["relu", "tanh", "sigmoid"], "ordered": false}}, {"class_name": "Choice", "config": {"name": "dropout9", "default": 0.1, "conditions": [], "values": [0.1, 0.2, 0.3, 0.4, 0.5, 0.6, 0.7, 0.8, 0.9], "ordered": true}}], "values": {"num_layers": 10, "units0": 16, "choice0": "sigmoid", "dropout0": 0.2, "optimizer": "rmsprop", "units1": 8, "choice1": "relu", "dropout1": 0.1, "units2": 8, "choice2": "relu", "dropout2": 0.1, "units3": 8, "choice3": "relu", "dropout3": 0.1, "units4": 8, "choice4": "relu", "dropout4": 0.1, "units5": 8, "choice5": "relu", "dropout5": 0.1, "units6": 8, "choice6": "relu", "dropout6": 0.1, "units7": 8, "choice7": "relu", "dropout7": 0.1, "units8": 8, "choice8": "relu", "dropout8": 0.1, "units9": 8, "choice9": "relu", "dropout9": 0.1}}, "metrics": {"metrics": {"accuracy": {"direction": "max", "observations": [{"value": [0.6465798020362854], "step": 0}]}, "loss": {"direction": "min", "observations": [{"value": [0.6854062080383301], "step": 0}]}, "val_accuracy": {"direction": "max", "observations": [{"value": [0.6428571343421936], "step": 0}]}, "val_loss": {"direction": "min", "observations": [{"value": [0.6751807332038879], "step": 0}]}}}, "score": 0.6428571343421936, "best_step": 0, "status": "COMPLETED", "message": null}