{"trial_id": "4", "hyperparameters": {"space": [{"class_name": "Int", "config": {"name": "num_layers", "default": null, "conditions": [], "min_value": 1, "max_value": 10, "step": 1, "sampling": "linear"}}], "values": {"num_layers": 2}}, "metrics": {"metrics": {"accuracy": {"direction": "max", "observations": [{"value": [0.7850162982940674], "step": 3}]}, "loss": {"direction": "min", "observations": [{"value": [0.44646087288856506], "step": 3}]}, "val_accuracy": {"direction": "max", "observations": [{"value": [0.7532467246055603], "step": 3}]}, "val_loss": {"direction": "min", "observations": [{"value": [0.5034964084625244], "step": 3}]}}}, "score": 0.7532467246055603, "best_step": 3, "status": "COMPLETED", "message": null}