{"trial_id": "3", "hyperparameters": {"space": [{"class_name": "Int", "config": {"name": "units", "default": null, "conditions": [], "min_value": 8, "max_value": 128, "step": 8, "sampling": "linear"}}], "values": {"units": 48}}, "metrics": {"metrics": {"accuracy": {"direction": "max", "observations": [{"value": [0.7345277070999146], "step": 4}]}, "loss": {"direction": "min", "observations": [{"value": [0.5193085074424744], "step": 4}]}, "val_accuracy": {"direction": "max", "observations": [{"value": [0.7337662577629089], "step": 4}]}, "val_loss": {"direction": "min", "observations": [{"value": [0.5444020628929138], "step": 4}]}}}, "score": 0.7337662577629089, "best_step": 4, "status": "COMPLETED", "message": null}