{"trial_id": "4", "hyperparameters": {"space": [{"class_name": "Int", "config": {"name": "units", "default": null, "conditions": [], "min_value": 8, "max_value": 128, "step": 8, "sampling": "linear"}}], "values": {"units": 24}}, "metrics": {"metrics": {"accuracy": {"direction": "max", "observations": [{"value": [0.7280130386352539], "step": 1}]}, "loss": {"direction": "min", "observations": [{"value": [0.564721941947937], "step": 1}]}, "val_accuracy": {"direction": "max", "observations": [{"value": [0.7207792401313782], "step": 1}]}, "val_loss": {"direction": "min", "observations": [{"value": [0.5638605952262878], "step": 1}]}}}, "score": 0.7207792401313782, "best_step": 1, "status": "COMPLETED", "message": null}