{"trial_id": "3", "hyperparameters": {"space": [{"class_name": "Int", "config": {"name": "num_layers", "default": null, "conditions": [], "min_value": 1, "max_value": 10, "step": 1, "sampling": "linear"}}], "values": {"num_layers": 3}}, "metrics": {"metrics": {"accuracy": {"direction": "max", "observations": [{"value": [0.7996742725372314], "step": 4}]}, "loss": {"direction": "min", "observations": [{"value": [0.4215761721134186], "step": 4}]}, "val_accuracy": {"direction": "max", "observations": [{"value": [0.798701286315918], "step": 4}]}, "val_loss": {"direction": "min", "observations": [{"value": [0.5123035311698914], "step": 4}]}}}, "score": 0.798701286315918, "best_step": 4, "status": "COMPLETED", "message": null}