{"ongoing_trials": {}, "hyperparameters": {"space": [{"class_name": "Int", "config": {"name": "num_layers", "default": null, "conditions": [], "min_value": 1, "max_value": 10, "step": 1, "sampling": "linear"}}], "values": {"num_layers": 1}}, "start_order": ["0", "1", "2", "3", "4"], "end_order": ["0", "1", "2", "3", "4"], "run_times": {"0": 1, "1": 1, "2": 1, "3": 1, "4": 1}, "retry_queue": [], "seed": 4265, "seed_state": 4272, "tried_so_far": ["77bb3e8fdef91d9a9d84ce580d07e66e", "7a5702623508bc28dfea5fa4ae0ab20b", "64d999c0b7f4d4faa56eb473441aeb4e", "3fb28c2b0e75fcd0500c5c4357a18d5a", "283669d346d3283fcc5066427cb1dc04"], "id_to_hash": {"0": "77bb3e8fdef91d9a9d84ce580d07e66e", "1": "7a5702623508bc28dfea5fa4ae0ab20b", "2": "283669d346d3283fcc5066427cb1dc04", "3": "3fb28c2b0e75fcd0500c5c4357a18d5a", "4": "64d999c0b7f4d4faa56eb473441aeb4e"}, "display": {"search_start": "2024-12-05T20:24:38.092616", "trial_start": {"0": "2024-12-05T20:24:38.092616", "1": "2024-12-05T20:24:42.790766", "2": "2024-12-05T20:24:47.799252", "3": "2024-12-05T20:24:51.222325", "4": "2024-12-05T20:24:54.753903"}, "trial_number": {"0": 1, "1": 2, "2": 3, "3": 4, "4": 5}}}