{"trial_id": "1", "hyperparameters": {"space": [{"class_name": "Int", "config": {"name": "units", "default": null, "conditions": [], "min_value": 8, "max_value": 128, "step": 8, "sampling": "linear"}}], "values": {"units": 128}}, "metrics": {"metrics": {"accuracy": {"direction": "max", "observations": [{"value": [0.7703583240509033], "step": 4}]}, "loss": {"direction": "min", "observations": [{"value": [0.4819903075695038], "step": 4}]}, "val_accuracy": {"direction": "max", "observations": [{"value": [0.7597402334213257], "step": 4}]}, "val_loss": {"direction": "min", "observations": [{"value": [0.5079373121261597], "step": 4}]}}}, "score": 0.7597402334213257, "best_step": 4, "status": "COMPLETED", "message": null}