{"ongoing_trials": {}, "hyperparameters": {"space": [{"class_name": "Int", "config": {"name": "num_layers", "default": null, "conditions": [], "min_value": 1, "max_value": 10, "step": 1, "sampling": "linear"}}, {"class_name": "Int", "config": {"name": "units0", "default": null, "conditions": [], "min_value": 8, "max_value": 128, "step": 8, "sampling": "linear"}}, {"class_name": "Choice", "config": {"name": "choice0", "default": "relu", "conditions": [], "values": ["relu", "tanh", "sigmoid"], "ordered": false}}, {"class_name": "Choice", "config": {"name": "dropout0", "default": 0.1, "conditions": [], "values": [0.1, 0.2, 0.3, 0.4, 0.5, 0.6, 0.7, 0.8, 0.9], "ordered": true}}, {"class_name": "Choice", "config": {"name": "optimizer", "default": "rmsprop", "conditions": [], "values": ["rmsprop", "sgd", "adam", "nadam", "adadelta"], "ordered": false}}, {"class_name": "Int", "config": {"name": "units1", "default": null, "conditions": [], "min_value": 8, "max_value": 128, "step": 8, "sampling": "linear"}}, {"class_name": "Choice", "config": {"name": "choice1", "default": "relu", "conditions": [], "values": ["relu", "tanh", "sigmoid"], "ordered": false}}, {"class_name": "Choice", "config": {"name": "dropout1", "default": 0.1, "conditions": [], "values": [0.1, 0.2, 0.3, 0.4, 0.5, 0.6, 0.7, 0.8, 0.9], "ordered": true}}, {"class_name": "Int", "config": {"name": "units2", "default": null, "conditions": [], "min_value": 8, "max_value": 128, "step": 8, "sampling": "linear"}}, {"class_name": "Choice", "config": {"name": "choice2", "default": "relu", "conditions": [], "values": ["relu", "tanh", "sigmoid"], "ordered": false}}, {"class_name": "Choice", "config": {"name": "dropout2", "default": 0.1, "conditions": [], "values": [0.1, 0.2, 0.3, 0.4, 0.5, 0.6, 0.7, 0.8, 0.9], "ordered": true}}, {"class_name": "Int", "config": {"name": "units3", "default": null, "conditions": [], "min_value": 8, "max_value": 128, "step": 8, "sampling": "linear"}}, {"class_name": "Choice", "config": {"name": "choice3", "default": "relu", "conditions": [], "values": ["relu", "tanh", "sigmoid"], "ordered": false}}, {"class_name": "Choice", "config": {"name": "dropout3", "default": 0.1, "conditions": [], "values": [0.1, 0.2, 0.3, 0.4, 0.5, 0.6, 0.7, 0.8, 0.9], "ordered": true}}, {"class_name": "Int", "config": {"name": "units4", "default": null, "conditions": [], "min_value": 8, "max_value": 128, "step": 8, "sampling": "linear"}}, {"class_name": "Choice", "config": {"name": "choice4", "default": "relu", "conditions": [], "values": ["relu", "tanh", "sigmoid"], "ordered": false}}, {"class_name": "Choice", "config": {"name": "dropout4", "default": 0.1, "conditions": [], "values": [0.1, 0.2, 0.3, 0.4, 0.5, 0.6, 0.7, 0.8, 0.9], "ordered": true}}, {"class_name": "Int", "config": {"name": "units5", "default": null, "conditions": [], "min_value": 8, "max_value": 128, "step": 8, "sampling": "linear"}}, {"class_name": "Choice", "config": {"name": "choice5", "default": "relu", "conditions": [], "values": ["relu", "tanh", "sigmoid"], "ordered": false}}, {"class_name": "Choice", "config": {"name": "dropout5", "default": 0.1, "conditions": [], "values": [0.1, 0.2, 0.3, 0.4, 0.5, 0.6, 0.7, 0.8, 0.9], "ordered": true}}, {"class_name": "Int", "config": {"name": "units6", "default": null, "conditions": [], "min_value": 8, "max_value": 128, "step": 8, "sampling": "linear"}}, {"class_name": "Choice", "config": {"name": "choice6", "default": "relu", "conditions": [], "values": ["relu", "tanh", "sigmoid"], "ordered": false}}, {"class_name": "Choice", "config": {"name": "dropout6", "default": 0.1, "conditions": [], "values": [0.1, 0.2, 0.3, 0.4, 0.5, 0.6, 0.7, 0.8, 0.9], "ordered": true}}, {"class_name": "Int", "config": {"name": "units7", "default": null, "conditions": [], "min_value": 8, "max_value": 128, "step": 8, "sampling": "linear"}}, {"class_name": "Choice", "config": {"name": "choice7", "default": "relu", "conditions": [], "values": ["relu", "tanh", "sigmoid"], "ordered": false}}, {"class_name": "Choice", "config": {"name": "dropout7", "default": 0.1, "conditions": [], "values": [0.1, 0.2, 0.3, 0.4, 0.5, 0.6, 0.7, 0.8, 0.9], "ordered": true}}, {"class_name": "Int", "config": {"name": "units8", "default": null, "conditions": [], "min_value": 8, "max_value": 128, "step": 8, "sampling": "linear"}}, {"class_name": "Choice", "config": {"name": "choice8", "default": "relu", "conditions": [], "values": ["relu", "tanh", "sigmoid"], "ordered": false}}, {"class_name": "Choice", "config": {"name": "dropout8", "default": 0.1, "conditions": [], "values": [0.1, 0.2, 0.3, 0.4, 0.5, 0.6, 0.7, 0.8, 0.9], "ordered": true}}, {"class_name": "Int", "config": {"name": "units9", "default": null, "conditions": [], "min_value": 8, "max_value": 128, "step": 8, "sampling": "linear"}}, {"class_name": "Choice", "config": {"name": "choice9", "default": "relu", "conditions": [], "values": ["relu", "tanh", "sigmoid"], "ordered": false}}, {"class_name": "Choice", "config": {"name": "dropout9", "default": 0.1, "conditions": [], "values": [0.1, 0.2, 0.3, 0.4, 0.5, 0.6, 0.7, 0.8, 0.9], "ordered": true}}], "values": {"num_layers": 1, "units0": 8, "choice0": "relu", "dropout0": 0.1, "optimizer": "rmsprop", "units1": 8, "choice1": "relu", "dropout1": 0.1, "units2": 8, "choice2": "relu", "dropout2": 0.1, "units3": 8, "choice3": "relu", "dropout3": 0.1, "units4": 8, "choice4": "relu", "dropout4": 0.1, "units5": 8, "choice5": "relu", "dropout5": 0.1, "units6": 8, "choice6": "relu", "dropout6": 0.1, "units7": 8, "choice7": "relu", "dropout7": 0.1, "units8": 8, "choice8": "relu", "dropout8": 0.1, "units9": 8, "choice9": "relu", "dropout9": 0.1}}, "start_order": ["0", "1", "2", "3", "4"], "end_order": ["0", "1", "2", "3", "4"], "run_times": {"0": 1, "1": 1, "2": 1, "3": 1, "4": 1}, "retry_queue": [], "seed": 9934, "seed_state": 10067, "tried_so_far": ["8689013564c58c65228f0ee5cb5a46c2", "8ee9ead5fa436a07e2a83eabf0ee134f", "1e98c5516bb97217ceea7dc334d77181", "8fa73a85eaf0f4b6088f9b3592311783", "fe8d8fe8fdb5733d8198fd205732f373"], "id_to_hash": {"0": "8689013564c58c65228f0ee5cb5a46c2", "1": "fe8d8fe8fdb5733d8198fd205732f373", "2": "8fa73a85eaf0f4b6088f9b3592311783", "3": "1e98c5516bb97217ceea7dc334d77181", "4": "8ee9ead5fa436a07e2a83eabf0ee134f"}, "display": {"search_start": "2024-12-05T21:12:55.907559", "trial_start": {"0": "2024-12-05T21:12:55.907559", "1": "2024-12-05T21:13:02.513058", "2": "2024-12-05T21:13:05.236322", "3": "2024-12-05T21:13:08.351328", "4": "2024-12-05T21:13:13.117562"}, "trial_number": {"0": 1, "1": 2, "2": 3, "3": 4, "4": 5}}}