{"trial_id": "0", "hyperparameters": {"space": [{"class_name": "Int", "config": {"name": "num_layers", "default": null, "conditions": [], "min_value": 1, "max_value": 10, "step": 1, "sampling": "linear"}}], "values": {"num_layers": 7}}, "metrics": {"metrics": {"accuracy": {"direction": "max", "observations": [{"value": [0.7719869613647461], "step": 2}]}, "loss": {"direction": "min", "observations": [{"value": [0.45736342668533325], "step": 2}]}, "val_accuracy": {"direction": "max", "observations": [{"value": [0.7532467246055603], "step": 2}]}, "val_loss": {"direction": "min", "observations": [{"value": [0.5455416440963745], "step": 2}]}}}, "score": 0.7532467246055603, "best_step": 2, "status": "COMPLETED", "message": null}